well,rate,sample,yield,dilution
A1,7.86E-02,WT,0.258,0.1
B1,5.38E-02,WT,0.258,0.1
C1,3.93E-02,WT,0.258,0.1
D1,2.51E-02,WT,0.258,0.1
E1,1.64E-02,WT,0.258,0.1
F1,8.71E-03,WT,0.258,0.1
G1,2.30E-03,WT,0.258,0.1
H1,2.73E-05,WT,0.258,0.1
A2,7.97E-02,WT,0.258,0.1
B2,4.58E-02,WT,0.258,0.1
C2,3.57E-02,WT,0.258,0.1
D2,3.37E-02,WT,0.258,0.1
E2,2.96E-02,WT,0.258,0.1
F2,1.76E-02,WT,0.258,0.1
G2,4.63E-03,WT,0.258,0.1
H2,-2.91E-05,WT,0.258,0.1
A3,8.05E-02,WT,0.258,0.1
B3,4.32E-02,WT,0.258,0.1
C3,3.36E-02,WT,0.258,0.1
D3,3.54E-02,WT,0.258,0.1
E3,2.78E-02,WT,0.258,0.1
F3,1.78E-02,WT,0.258,0.1
G3,5.67E-03,WT,0.258,0.1
H3,3.03E-05,WT,0.258,0.1
A4,8.47E-04,N293C,0.29,0.1
B4,3.34E-04,N293C,0.29,0.1
C4,1.80E-04,N293C,0.29,0.1
D4,1.59E-04,N293C,0.29,0.1
E4,1.35E-04,N293C,0.29,0.1
F4,8.73E-05,N293C,0.29,0.1
G4,-5.33E-05,N293C,0.29,0.1
H4,3.39E-05,N293C,0.29,0.1
A5,8.44E-04,N293C,0.29,0.1
B5,2.88E-04,N293C,0.29,0.1
C5,1.97E-04,N293C,0.29,0.1
D5,1.83E-04,N293C,0.29,0.1
E5,1.39E-04,N293C,0.29,0.1
F5,1.27E-04,N293C,0.29,0.1
G5,3.88E-05,N293C,0.29,0.1
H5,1.82E-05,N293C,0.29,0.1
A6,8.19E-04,N293C,0.29,0.1
B6,3.02E-04,N293C,0.29,0.1
C6,2.30E-04,N293C,0.29,0.1
D6,1.77E-04,N293C,0.29,0.1
E6,1.16E-04,N293C,0.29,0.1
F6,8.79E-05,N293C,0.29,0.1
G6,2.97E-05,N293C,0.29,0.1
H6,2.73E-05,N293C,0.29,0.1
A7,7.01E-02,L362M,0.269,0.1
B7,4.65E-02,L362M,0.269,0.1
C7,3.09E-02,L362M,0.269,0.1
D7,2.34E-02,L362M,0.269,0.1
E7,1.72E-02,L362M,0.269,0.1
F7,8.20E-03,L362M,0.269,0.1
G7,2.35E-03,L362M,0.269,0.1
H7,2.42E-05,L362M,0.269,0.1
A8,7.11E-02,L362M,0.269,0.1
B8,4.53E-02,L362M,0.269,0.1
C8,3.39E-02,L362M,0.269,0.1
D8,2.68E-02,L362M,0.269,0.1
E8,1.65E-02,L362M,0.269,0.1
F8,6.58E-03,L362M,0.269,0.1
G8,2.12E-03,L362M,0.269,0.1
H8,3.15E-05,L362M,0.269,0.1
A9,7.16E-02,L362M,0.269,0.1
B9,4.62E-02,L362M,0.269,0.1
C9,3.47E-02,L362M,0.269,0.1
D9,2.73E-02,L362M,0.269,0.1
E9,1.38E-02,L362M,0.269,0.1
F9,6.16E-03,L362M,0.269,0.1
G9,1.83E-03,L362M,0.269,0.1
H9,2.12E-05,L362M,0.269,0.1
A10,-4.22E-04,F415N,0.212,0.1
B10,-3.03E-05,F415N,0.212,0.1
C10,-7.27E-05,F415N,0.212,0.1
D10,3.35E-04,F415N,0.212,0.1
E10,-5.82E-05,F415N,0.212,0.1
F10,-4.91E-05,F415N,0.212,0.1
G10,-5.21E-05,F415N,0.212,0.1
H10,3.09E-05,F415N,0.212,0.1
A11,-1.15E-04,F415N,0.212,0.1
B11,-5.39E-05,F415N,0.212,0.1
C11,4.30E-05,F415N,0.212,0.1
D11,-5.82E-05,F415N,0.212,0.1
E11,-8.61E-05,F415N,0.212,0.1
F11,6.42E-05,F415N,0.212,0.1
G11,8.67E-05,F415N,0.212,0.1
H11,1.82E-05,F415N,0.212,0.1
A12,3.17E-04,F415N,0.212,0.1
B12,-4.67E-05,F415N,0.212,0.1
C12,-9.52E-05,F415N,0.212,0.1
D12,-3.52E-05,F415N,0.212,0.1
E12,-4.67E-05,F415N,0.212,0.1
F12,-1.28E-04,F415N,0.212,0.1
G12,1.88E-05,F415N,0.212,0.1
H12,2.48E-05,F415N,0.212,0.1
A1,5.39E-04,N293Q,0.158,0.1
B1,1.00E-04,N293Q,0.158,0.1
C1,5.76E-05,N293Q,0.158,0.1
D1,3.45E-05,N293Q,0.158,0.1
E1,2.24E-05,N293Q,0.158,0.1
F1,2.85E-05,N293Q,0.158,0.1
G1,1.70E-05,N293Q,0.158,0.1
H1,2.30E-05,N293Q,0.158,0.1
A2,-7.08E-04,N293Q,0.158,0.1
B2,1.03E-04,N293Q,0.158,0.1
C2,8.06E-05,N293Q,0.158,0.1
D2,3.27E-05,N293Q,0.158,0.1
E2,1.82E-05,N293Q,0.158,0.1
F2,3.45E-05,N293Q,0.158,0.1
G2,2.79E-05,N293Q,0.158,0.1
H2,2.12E-05,N293Q,0.158,0.1
A3,4.61E-04,N293Q,0.158,0.1
B3,4.48E-05,N293Q,0.158,0.1
C3,4.91E-05,N293Q,0.158,0.1
D3,2.53E-04,N293Q,0.158,0.1
E3,3.58E-05,N293Q,0.158,0.1
F3,9.82E-04,N293Q,0.158,0.1
G3,3.15E-05,N293Q,0.158,0.1
H3,1.76E-05,N293Q,0.158,0.1
A4,1.78E-01,N220Y,0.408,0.1
B4,1.68E-01,N220Y,0.408,0.1
C4,1.57E-01,N220Y,0.408,0.1
D4,1.48E-01,N220Y,0.408,0.1
E4,9.05E-02,N220Y,0.408,0.1
F4,6.13E-02,N220Y,0.408,0.1
G4,3.72E-02,N220Y,0.408,0.1
H4,1.58E-05,N220Y,0.408,0.1
A5,1.74E-01,N220Y,0.408,0.1
B5,1.72E-01,N220Y,0.408,0.1
C5,1.57E-01,N220Y,0.408,0.1
D5,1.40E-01,N220Y,0.408,0.1
E5,8.33E-02,N220Y,0.408,0.1
F5,4.85E-02,N220Y,0.408,0.1
G5,1.83E-02,N220Y,0.408,0.1
H5,-2.67E-05,N220Y,0.408,0.1
A6,1.74E-01,N220Y,0.408,0.1
B6,1.70E-01,N220Y,0.408,0.1
C6,1.52E-01,N220Y,0.408,0.1
D6,1.39E-01,N220Y,0.408,0.1
E6,7.87E-02,N220Y,0.408,0.1
F6,4.58E-02,N220Y,0.408,0.1
G6,1.79E-02,N220Y,0.408,0.1
H6,2.48E-05,N220Y,0.408,0.1
A7,6.66E-02,W409Y,0.203,0.1
B7,5.42E-02,W409Y,0.203,0.1
C7,4.08E-02,W409Y,0.203,0.1
D7,2.49E-02,W409Y,0.203,0.1
E7,8.64E-03,W409Y,0.203,0.1
F7,2.60E-03,W409Y,0.203,0.1
G7,9.49E-04,W409Y,0.203,0.1
H7,2.21E-04,W409Y,0.203,0.1
A8,6.94E-02,W409Y,0.203,0.1
B8,5.22E-02,W409Y,0.203,0.1
C8,4.19E-02,W409Y,0.203,0.1
D8,2.68E-02,W409Y,0.203,0.1
E8,7.77E-03,W409Y,0.203,0.1
F8,2.99E-03,W409Y,0.203,0.1
G8,1.21E-03,W409Y,0.203,0.1
H8,2.55E-05,W409Y,0.203,0.1
A9,7.00E-02,W409Y,0.203,0.1
B9,5.49E-02,W409Y,0.203,0.1
C9,3.95E-02,W409Y,0.203,0.1
D9,2.10E-02,W409Y,0.203,0.1
E9,6.02E-03,W409Y,0.203,0.1
F9,2.38E-03,W409Y,0.203,0.1
G9,1.04E-03,W409Y,0.203,0.1
H9,2.42E-05,W409Y,0.203,0.1
A10,3.28E-04,W399R,0.21,0.1
B10,4.61E-05,W399R,0.21,0.1
C10,5.58E-05,W399R,0.21,0.1
D10,3.70E-05,W399R,0.21,0.1
E10,2.36E-05,W399R,0.21,0.1
F10,2.79E-05,W399R,0.21,0.1
G10,-2.79E-05,W399R,0.21,0.1
H10,2.30E-05,W399R,0.21,0.1
A11,-5.61E-04,W399R,0.21,0.1
B11,4.48E-05,W399R,0.21,0.1
C11,4.36E-05,W399R,0.21,0.1
D11,2.79E-05,W399R,0.21,0.1
E11,2.18E-05,W399R,0.21,0.1
F11,3.58E-05,W399R,0.21,0.1
G11,-1.79E-04,W399R,0.21,0.1
H11,1.39E-05,W399R,0.21,0.1
A12,-1.35E-03,W399R,0.21,0.1
B12,3.52E-05,W399R,0.21,0.1
C12,-1.83E-04,W399R,0.21,0.1
D12,3.16E-04,W399R,0.21,0.1
E12,2.24E-05,W399R,0.21,0.1
F12,3.82E-05,W399R,0.21,0.1
G12,-1.08E-04,W399R,0.21,0.1
H12,1.13E-03,W399R,0.21,0.1
A1,6.93E-02,H315E,0.233,0.1
B1,4.84E-02,H315E,0.233,0.1
C1,3.84E-02,H315E,0.233,0.1
D1,1.82E-02,H315E,0.233,0.1
E1,9.29E-03,H315E,0.233,0.1
F1,2.43E-03,H315E,0.233,0.1
G1,8.66E-04,H315E,0.233,0.1
H1,2.79E-05,H315E,0.233,0.1
A2,7.16E-02,H315E,0.233,0.1
B2,4.80E-02,H315E,0.233,0.1
C2,3.81E-02,H315E,0.233,0.1
D2,1.89E-02,H315E,0.233,0.1
E2,8.34E-03,H315E,0.233,0.1
F2,2.48E-03,H315E,0.233,0.1
G2,8.96E-04,H315E,0.233,0.1
H2,2.12E-05,H315E,0.233,0.1
A3,7.12E-02,H315E,0.233,0.1
B3,4.89E-02,H315E,0.233,0.1
C3,3.66E-02,H315E,0.233,0.1
D3,1.85E-02,H315E,0.233,0.1
E3,8.06E-03,H315E,0.233,0.1
F3,1.80E-03,H315E,0.233,0.1
G3,5.50E-04,H315E,0.233,0.1
H3,3.39E-05,H315E,0.233,0.1
A4,4.19E-04,S16N,0.178,0.1
B4,7.70E-05,S16N,0.178,0.1
C4,3.82E-05,S16N,0.178,0.1
D4,3.58E-05,S16N,0.178,0.1
E4,2.73E-05,S16N,0.178,0.1
F4,-9.64E-05,S16N,0.178,0.1
G4,6.00E-05,S16N,0.178,0.1
H4,2.30E-05,S16N,0.178,0.1
A5,7.33E-05,S16N,0.178,0.1
B5,5.27E-05,S16N,0.178,0.1
C5,5.82E-05,S16N,0.178,0.1
D5,-3.58E-05,S16N,0.178,0.1
E5,3.94E-05,S16N,0.178,0.1
F5,-6.48E-05,S16N,0.178,0.1
G5,5.58E-05,S16N,0.178,0.1
H5,-2.91E-05,S16N,0.178,0.1
A6,9.33E-05,S16N,0.178,0.1
B6,7.45E-05,S16N,0.178,0.1
C6,4.97E-05,S16N,0.178,0.1
D6,4.30E-05,S16N,0.178,0.1
E6,2.85E-05,S16N,0.178,0.1
F6,5.94E-05,S16N,0.178,0.1
G6,4.73E-05,S16N,0.178,0.1
H6,5.21E-05,S16N,0.178,0.1
A7,7.94E-05,H178R,0.204,0.1
B7,6.00E-05,H178R,0.204,0.1
C7,3.27E-05,H178R,0.204,0.1
D7,5.70E-05,H178R,0.204,0.1
E7,2.97E-05,H178R,0.204,0.1
F7,9.21E-05,H178R,0.204,0.1
G7,-3.45E-05,H178R,0.204,0.1
H7,4.06E-05,H178R,0.204,0.1
A8,-6.67E-05,H178R,0.204,0.1
B8,6.18E-05,H178R,0.204,0.1
C8,3.52E-05,H178R,0.204,0.1
D8,4.73E-05,H178R,0.204,0.1
E8,2.85E-05,H178R,0.204,0.1
F8,3.94E-05,H178R,0.204,0.1
G8,2.67E-05,H178R,0.204,0.1
H8,3.09E-05,H178R,0.204,0.1
A9,-3.60E-04,H178R,0.204,0.1
B9,5.39E-05,H178R,0.204,0.1
C9,4.73E-05,H178R,0.204,0.1
D9,4.36E-05,H178R,0.204,0.1
E9,4.30E-05,H178R,0.204,0.1
F9,5.82E-05,H178R,0.204,0.1
G9,2.48E-05,H178R,0.204,0.1
H9,2.36E-05,H178R,0.204,0.1
A10,5.88E-05,N293D,0.178,0.1
B10,5.70E-05,N293D,0.178,0.1
C10,3.39E-05,N293D,0.178,0.1
D10,7.33E-05,N293D,0.178,0.1
E10,-6.06E-05,N293D,0.178,0.1
F10,4.18E-05,N293D,0.178,0.1
G10,2.97E-05,N293D,0.178,0.1
H10,2.55E-05,N293D,0.178,0.1
A11,6.95E-04,N293D,0.178,0.1
B11,7.64E-05,N293D,0.178,0.1
C11,8.48E-05,N293D,0.178,0.1
D11,3.15E-05,N293D,0.178,0.1
E11,5.33E-05,N293D,0.178,0.1
F11,-4.67E-05,N293D,0.178,0.1
G11,1.94E-05,N293D,0.178,0.1
H11,2.67E-05,N293D,0.178,0.1
A12,1.39E-04,N293D,0.178,0.1
B12,7.39E-05,N293D,0.178,0.1
C12,1.68E-04,N293D,0.178,0.1
D12,6.79E-05,N293D,0.178,0.1
E12,1.04E-04,N293D,0.178,0.1
F12,5.27E-05,N293D,0.178,0.1
G12,5.88E-05,N293D,0.178,0.1
H12,7.82E-05,N293D,0.178,0.1
