,well,rate,s,sample,yield,dilution,kobs
0,a1,0.10034848,0.075,WT,0.85,0.01,1067.23559906
1,b1,0.094055152,0.01875,WT,0.85,0.01,1000.3042048
2,c1,0.057559394,0.0047,WT,0.85,0.01,612.161084424
3,d1,0.024261818,0.0012,WT,0.85,0.01,258.031570259
4,e1,0.0073036364,0.0003,WT,0.85,0.01,77.6763212424
5,f1,0.0019121212,7.5e-05,WT,0.85,0.01,20.3359713506
6,g1,0.00050606061,1.9e-05,WT,0.85,0.01,5.38210342871
7,h1,1.8181818e-05,0.0,WT,0.85,0.01,0.193368982024
8,a2,0.11213333,0.075,WT,0.85,0.01,1192.57094494
9,b2,0.093786667,0.01875,WT,0.85,0.01,997.448787859
10,c2,0.056127273,0.0047,WT,0.85,0.01,596.930056376
11,d2,0.026255152,0.0012,WT,0.85,0.01,279.231263624
12,e2,0.0077121212,0.0003,WT,0.85,0.01,82.0206772329
13,f2,0.0019557576,7.5e-05,WT,0.85,0.01,20.8000572988
14,g2,0.00055818182,1.9e-05,WT,0.85,0.01,5.93642782682
15,h2,1.4545455e-05,0.0,WT,0.85,0.01,0.154695192
16,a3,0.11583818,0.075,WT,0.85,0.01,1231.97311435
17,b3,0.093871515,0.01875,WT,0.85,0.01,998.351171294
18,c3,0.059029091,0.0047,WT,0.85,0.01,627.791744282
19,d3,0.026195758,0.0012,WT,0.85,0.01,278.599590965
20,e3,0.0073987879,0.0003,WT,0.85,0.01,78.6882854306
21,f3,0.0020624242,7.5e-05,WT,0.85,0.01,21.9344879624
22,g3,0.00052787879,1.9e-05,WT,0.85,0.01,5.61414619012
23,h3,1.4545455e-05,0.0,WT,0.85,0.01,0.154695192
24,a4,0.00032909091,0.075,E164A,0.25,0.1,1.18999273056
25,b4,0.00027030303,0.01875,E164A,0.25,0.1,0.97741575648
26,c4,0.00022060606,0.0047,E164A,0.25,0.1,0.79771151296
27,d4,0.00018181818,0.0012,E164A,0.25,0.1,0.65745453888
28,e4,8.3636364e-05,0.0003,E164A,0.25,0.1,0.302429092224
29,f4,0.00030545455,7.5e-05,E164A,0.25,0.1,1.1045236528
30,g4,2.6060606e-05,1.9e-05,E164A,0.25,0.1,0.094235151296
31,h4,1.9393939e-05,0.0,E164A,0.25,0.1,0.070128483424
32,a5,0.00048121212,0.075,E164A,0.25,0.1,1.74006302592
33,b5,0.00027333333,0.01875,E164A,0.25,0.1,0.98837332128
34,c5,0.00023575758,0.0047,E164A,0.25,0.1,0.85249940928
35,d5,0.0001569697,0.0012,E164A,0.25,0.1,0.5676024352
36,e5,9.2121212e-05,0.0003,E164A,0.25,0.1,0.333110302592
37,f5,8.969697e-05,7.5e-05,E164A,0.25,0.1,0.32434424352
38,g5,4.1818182e-05,1.9e-05,E164A,0.25,0.1,0.151214546112
40,a6,0.00043272727,0.075,E164A,0.25,0.1,1.56474180832
41,b6,0.00026545455,0.01875,E164A,0.25,0.1,0.9598836528
42,c6,0.0002369697,0.0047,E164A,0.25,0.1,0.8568824352
43,d6,0.0001969697,0.0012,E164A,0.25,0.1,0.7122424352
44,e6,9.9393939e-05,0.0003,E164A,0.25,0.1,0.359408483424
45,f6,3.5757576e-05,7.5e-05,E164A,0.25,0.1,0.129299394816
46,g6,2.7272727e-05,1.9e-05,E164A,0.25,0.1,0.098618180832
47,h6,2.5454545e-05,0.0,E164A,0.25,0.1,0.09204363472
48,a7,0.0090987879,0.075,E123F,1.3,0.1,6.32715712431
49,b7,0.0071436364,0.01875,E123F,1.3,0.1,4.96757485046
50,c7,0.0041127273,0.0047,E123F,1.3,0.1,2.85992729169
51,d7,0.0017981818,0.0012,E123F,1.3,0.1,1.25042795938
52,e7,0.0011363636,0.0003,E123F,1.3,0.1,0.790209764923
53,f7,0.00020181818,7.5e-05,E123F,1.3,0.1,0.140341257477
54,g7,5.1515152e-05,1.9e-05,E123F,1.3,0.1,0.03582284416
55,h7,2.5454545e-05,0.0,E123F,1.3,0.1,0.0177006989846
56,a8,0.0093327273,0.075,E123F,1.3,0.1,6.489834984
57,b8,0.0073751515,0.01875,E123F,1.3,0.1,5.12856688923
58,c8,0.0040733333,0.0047,E123F,1.3,0.1,2.83253331015
59,d8,0.0018115152,0.0012,E123F,1.3,0.1,1.25969980062
60,e8,0.00053515152,0.0003,E123F,1.3,0.1,0.372136133908
61,f8,0.0001569697,7.5e-05,E123F,1.3,0.1,0.109154314462
62,g8,5.5151515e-05,1.9e-05,E123F,1.3,0.1,0.0383515150462
64,a9,0.0089412121,0.075,E123F,1.3,0.1,6.21758133723
65,b9,0.0070278788,0.01875,E123F,1.3,0.1,4.88707879631
66,c9,0.0037515152,0.0047,E123F,1.3,0.1,2.60874595446
67,d9,0.0019466667,0.0012,E123F,1.3,0.1,1.35368207446
68,e9,0.00062363636,0.0003,E123F,1.3,0.1,0.433667130338
69,f9,0.00021393939,7.5e-05,E123F,1.3,0.1,0.148770160431
70,g9,0.0002230303,1.9e-05,E123F,1.3,0.1,0.155091839385
71,h9,1.5757576e-05,0.0,E123F,1.3,0.1,0.0109575759262
72,a10,0.051907273,0.075,G456H,1.4,0.1,33.5172677086
73,b10,0.021809697,0.01875,G456H,1.4,0.1,14.08283292
74,c10,0.011975758,0.0047,G456H,1.4,0.1,7.73291802286
75,d10,0.0050587879,0.0012,G456H,1.4,0.1,3.26653161543
76,e10,0.0015333333,0.0003,G456H,1.4,0.1,0.990095216571
77,f10,0.00041757576,7.5e-05,G456H,1.4,0.1,0.2696346336
78,g10,0.00094606061,1.9e-05,G456H,1.4,0.1,0.610884851029
79,h10,6.7878788e-05,0.0,G456H,1.4,0.1,0.0438303031086
80,a11,0.039515758,0.075,G456H,1.4,0.1,25.5158894514
81,b11,0.02164,0.01875,G456H,1.4,0.1,13.9732571429
82,c11,0.011932121,0.0047,G456H,1.4,0.1,7.70474098857
83,d11,0.0050436364,0.0012,G456H,1.4,0.1,3.25674807543
84,e11,0.0016690909,0.0003,G456H,1.4,0.1,1.07775583829
85,f11,0.00045030303,7.5e-05,G456H,1.4,0.1,0.290767099371
86,g11,0.00013393939,1.9e-05,G456H,1.4,0.1,0.0864865775429
87,h11,1.3939394e-05,0.0,G456H,1.4,0.1,0.00900086584
88,a12,0.040130909,0.075,G456H,1.4,0.1,25.91310124
89,b12,0.020793333,0.01875,G456H,1.4,0.1,13.4265521657
90,c12,0.012803636,0.0047,G456H,1.4,0.1,8.26749067429
91,d12,0.0050660606,0.0012,G456H,1.4,0.1,3.27122770171
92,e12,0.0016284848,0.0003,G456H,1.4,0.1,1.05153589943
93,f12,0.00044363636,7.5e-05,G456H,1.4,0.1,0.286462335314
94,g12,0.00014242424,1.9e-05,G456H,1.4,0.1,0.0919653664
95,h12,3.1515152e-05,0.0,G456H,1.4,0.1,0.0203497838629
